lng,lat
34.76959424,135.5464987
34.76961455,135.5519609
34.76506639,135.5410613
34.76508688,135.5465232
34.76510717,135.5519851
34.76957373,135.5410365
34.77329797,135.3662141
34.77332624,135.3716764
34.77335426,135.3771387
34.77338204,135.3826011
34.77340956,135.3880634
34.77343684,135.3935256
34.77346386,135.3989879
34.77349064,135.4044502
34.77351717,135.4099124
34.77354346,135.4153747
34.77356952,135.420837
34.77359535,135.4262995
34.77362097,135.4317619
34.77364634,135.4372245
34.77367146,135.442687
34.77369631,135.4481495
34.77372089,135.4536121
34.77374521,135.4590746
34.77376928,135.4645371
34.77379309,135.4699996
34.77381668,135.475462
34.77384003,135.4809245
34.77386314,135.486387
34.77388601,135.4918495
34.77390863,135.497312
34.77393102,135.5027744
34.77395316,135.5082369
34.77397507,135.5136994
34.77399673,135.5191619
34.77401816,135.5246243
34.77403935,135.5300868
34.77406031,135.5355492
34.77408106,135.5410117
34.77410159,135.5464742
34.77412191,135.5519366
34.77414202,135.5573991
34.77416183,135.5628617
34.77418133,135.5683242
34.77420059,135.5737868
34.77421959,135.5792493
34.77423836,135.5847118
34.77425688,135.5901743
34.77427516,135.5956368
34.77429319,135.6010992
34.76879074,135.3662485
34.768819,135.3717105
34.76884702,135.3771725
34.76887479,135.3826346
34.76890231,135.3880966
34.76892958,135.3935585
34.7689566,135.3990205
34.76898337,135.4044824
34.76900989,135.4099444
34.76903616,135.4154063
34.7690622,135.4208683
34.76908804,135.4263305
34.76911366,135.4317927
34.76913904,135.437255
34.76916417,135.4427172
34.76918902,135.4481795
34.7692136,135.4536417
34.76923791,135.4591039
34.76926197,135.4645661
34.76928579,135.4700283
34.76930937,135.4754905
34.76933271,135.4809527
34.76935582,135.4864149
34.76937868,135.491877
34.76940131,135.4973392
34.7694237,135.5028014
34.76944584,135.5082636
34.76946775,135.5137257
34.76948941,135.5191879
34.76951084,135.52465
34.76953203,135.5301122
34.769553,135.5355743
34.76963464,135.5574231
34.76965444,135.5628853
34.76967396,135.5683476
34.76969322,135.5738099
34.76971222,135.5792721
34.76973097,135.5847343
34.76974948,135.5901965
34.76976775,135.5956587
34.76978576,135.6011209
34.7642835,135.3662829
34.76431175,135.3717446
34.76433976,135.3772063
34.76436753,135.3826681
34.76439505,135.3881298
34.76442232,135.3935914
34.76444934,135.3990531
34.76447609,135.4045147
34.7645026,135.4099763
34.76452886,135.415438
34.76455488,135.4208996
34.76458072,135.4263615
34.76460636,135.4318235
34.76463175,135.4372855
34.76465688,135.4427475
34.76468174,135.4482095
34.7647063,135.4536714
34.7647306,135.4591333
34.76475466,135.4645952
34.76477847,135.4700571
34.76480205,135.4755189
34.76482539,135.4809808
34.76484849,135.4864427
34.76487136,135.4919046
34.76489398,135.4973665
34.76491637,135.5028283
34.76493852,135.5082902
34.76496043,135.5137521
34.7649821,135.5192139
34.76500353,135.5246758
34.76502472,135.5301376
34.76504567,135.5355995
34.76512726,135.557447
34.76514706,135.562909
34.76516658,135.568371
34.76518584,135.573833
34.76520483,135.5792949
34.76522357,135.5847569
34.76524207,135.5902188
34.76526032,135.5956807
34.76527832,135.6011426
34.75977625,135.3663173
34.7598045,135.3717787
34.75983251,135.3772402
34.75986027,135.3827016
34.75988779,135.388163
34.75991506,135.3936244
34.75994207,135.3990857
34.75996883,135.404547
34.75999533,135.4100084
34.76002158,135.4154697
34.76004759,135.420931
34.76007343,135.4263926
34.76009907,135.4318543
34.76012445,135.437316
34.76014958,135.4427777
34.76017443,135.4482394
34.76019899,135.453701
34.76022328,135.4591626
34.76024733,135.4646242
34.76051741,135.5301631
34.76053836,135.5356246
34.76055906,135.5410861
34.76057954,135.5465477
34.76059983,135.5520093
34.7560101,135.5301885
34.75603105,135.5356498
34.75605176,135.541111
34.75607224,135.5465723
34.75609252,135.5520336
34.75611257,135.557495
34.75132648,135.4865262
34.75134935,135.4919872
34.75137197,135.4974482
34.75146015,135.5192921
34.7515028,135.530214
34.75152376,135.5356749
34.75154447,135.5411359
34.75156495,135.5465969
34.75158522,135.5520579
34.75160524,135.557519
34.74679604,135.4810933
34.74681914,135.486554
34.74684201,135.4920147
34.74686464,135.4974754
34.74688703,135.5029361
34.74690919,135.5083968
34.74693113,135.5138574
34.74695285,135.5193181
34.7469743,135.5247788
34.74699551,135.5302394
34.74701646,135.5357001
34.74703718,135.5411608
34.74705765,135.5466215
34.74707791,135.5520822
34.7514816,135.524753
34.75143846,135.5138311
34.76027114,135.4700858
34.76029472,135.4755474
34.76031806,135.481009
34.76034116,135.4864706
34.76036402,135.4919321
34.76038665,135.4973937
34.76040904,135.5028553
34.76043119,135.5083169
34.76045311,135.5137784
34.76047478,135.51924
34.76049621,135.5247015
34.7606199,135.557471
34.76063969,135.5629327
34.7606592,135.5683944
34.76067845,135.5738561
34.76069744,135.5793178
34.76071617,135.5847794
34.76073465,135.5902411
34.76075289,135.5957027
34.76077088,135.6011643
34.755269,135.3663517
34.75529723,135.3718128
34.75532524,135.377274
34.75535301,135.3827351
34.75538053,135.3881962
34.7554078,135.3936573
34.75543482,135.3991184
34.75546157,135.4045794
34.75548808,135.4100405
34.75551433,135.4155015
34.75554036,135.4209626
34.75556618,135.4264239
34.75559179,135.4318852
34.75561715,135.4373466
34.75564226,135.442808
34.75566709,135.4482693
34.75569165,135.4537306
34.75571594,135.4591919
34.75574,135.4646532
34.75576381,135.4701145
34.75578738,135.4755758
34.75581072,135.4810371
34.75583382,135.4864984
34.75585668,135.4919597
34.75587931,135.4974209
34.7559017,135.5028822
34.75592386,135.5083435
34.75594578,135.5138048
34.75596747,135.519266
34.7559889,135.5247273
34.75613234,135.5629564
34.75615183,135.5684178
34.75617107,135.5738792
34.75619004,135.5793406
34.75620876,135.584802
34.75622723,135.5902633
34.75624545,135.5957247
34.75626344,135.601186
34.75076174,135.3663861
34.75078996,135.3718469
34.75081796,135.3773078
34.75084573,135.3827686
34.75087326,135.3882294
34.75090054,135.3936902
34.75092756,135.399151
34.75095432,135.4046118
34.75098083,135.4100726
34.75100709,135.4155334
34.75103312,135.4209942
34.75105893,135.4264551
34.75108451,135.4319161
34.75110984,135.4373772
34.75113493,135.4428382
34.75115975,135.4482992
34.7511843,135.4537603
34.7512086,135.4592213
34.75123266,135.4646823
34.75125647,135.4701432
34.75128004,135.4756042
34.75130338,135.4810652
34.75139437,135.5029092
34.75141653,135.5083701
34.75162499,135.5629801
34.75164447,135.5684412
34.75166369,135.5739023
34.75168264,135.5793634
34.75170135,135.5848245
34.7517198,135.5902856
34.75173801,135.5957467
34.75175599,135.6012077
34.74625447,135.3664205
34.74628267,135.371881
34.74631067,135.3773416
34.74633845,135.3828022
34.74636599,135.3882627
34.74639328,135.3937232
34.74642031,135.3991837
34.74644707,135.4046442
34.74647358,135.4101047
34.74649985,135.4155652
34.74652587,135.4210258
34.74655167,135.4264864
34.74657723,135.431947
34.74660254,135.4374077
34.74662761,135.4428685
34.74665241,135.4483292
34.74667696,135.4537899
34.74670125,135.4592506
34.74672531,135.4647113
34.74674912,135.4701719
34.7467727,135.4756326
34.74709793,135.557543
34.74711765,135.5630038
34.7471371,135.5684646
34.74228869,135.4811214
34.7423118,135.4865818
34.74233467,135.4920422
34.7423573,135.4975026
34.74237971,135.502963
34.74240188,135.5084234
34.74242383,135.5138837
34.74244555,135.5193441
34.74246701,135.5248045
34.74248821,135.5302649
34.74250916,135.5357253
34.74252987,135.5411857
34.74255033,135.5466461
34.74257057,135.5521066
34.74259057,135.557567
34.74261028,135.5630275
34.73775801,135.4756894
34.73778135,135.4811495
34.73780445,135.4866096
34.73782733,135.4920696
34.73784997,135.4975297
34.7378724,135.5029898
34.73789459,135.5084499
34.73791655,135.51391
34.73793827,135.5193701
34.73795973,135.5248302
34.73798092,135.5302903
34.73800185,135.5357505
34.73802254,135.5412106
34.73804299,135.5466707
34.7380632,135.5521309
34.73808317,135.557591
34.73810287,135.5630512
34.73313043,135.4484189
34.73315494,135.4538787
34.73317922,135.4593385
34.73322709,135.470258
34.73325067,135.4757178
34.733274,135.4811776
34.73329711,135.4866373
34.73331998,135.4920971
34.73334264,135.4975569
34.73336508,135.5030167
34.73338729,135.5084765
34.73340927,135.5139363
34.733431,135.5193961
34.73345245,135.524856
34.73347362,135.5303158
34.73353563,135.5466953
34.73355582,135.5521552
34.73357576,135.5576151
34.72862311,135.4484488
34.72864763,135.4539083
34.72867191,135.4593677
34.72869595,135.4648272
34.72871976,135.4702867
34.72874333,135.4757462
34.72876666,135.4812056
34.72878976,135.4866651
34.72881263,135.4921246
34.72883529,135.497584
34.72885775,135.5030436
34.72887998,135.5085031
34.72890198,135.5139626
34.72894518,135.5248817
34.72896631,135.5303412
34.7289872,135.5358008
34.72900785,135.5412604
34.72902825,135.5467199
34.72904842,135.5521795
34.72411579,135.4484787
34.72414031,135.4539378
34.72416459,135.459397
34.72418863,135.4648562
34.72421242,135.4703154
34.72423599,135.4757745
34.72425932,135.4812337
34.72428241,135.4866929
34.72430528,135.492152
34.72432793,135.4976112
34.72435041,135.5030704
34.72437267,135.5085297
34.72439469,135.5139889
34.72441647,135.5194481
34.7244379,135.5249074
34.724459,135.5303667
34.72447985,135.535826
34.72450047,135.5412853
34.72452086,135.5467445
34.72454101,135.5522038
34.72456092,135.5576631
34.7245806,135.5631224
34.72465687,135.5849596
34.7195837,135.4430498
34.71960848,135.4485086
34.719633,135.4539674
34.71965728,135.4594263
34.71968131,135.4648851
34.71970509,135.470344
34.71972865,135.4758029
34.71975198,135.4812618
34.71977507,135.4867206
34.71979793,135.4921795
34.71986534,135.5085563
34.71988737,135.5140152
34.71990916,135.5194742
34.71993058,135.5249332
34.71995164,135.5303922
34.71997247,135.5358512
34.71999307,135.5413102
34.72001344,135.5467691
34.72003359,135.5522281
34.72005349,135.5576871
34.72007315,135.5631461
34.72009258,135.5686051
34.72013071,135.5795231
34.72014942,135.584982
34.71505135,135.4376214
34.71507638,135.4430799
34.71510116,135.4485384
34.71512569,135.4539969
34.71514996,135.4594555
34.71517399,135.4649141
34.71519777,135.4703727
34.71522133,135.4758313
34.71524466,135.4812898
34.71526775,135.4867484
34.71529062,135.492207
34.71531327,135.4976656
34.71533574,135.5031242
34.71535799,135.5085829
34.71537999,135.5140416
34.71540175,135.5195002
34.71542316,135.5249589
34.71544421,135.5304177
34.71546504,135.5358764
34.71548565,135.5413351
34.71550602,135.5467937
34.71552615,135.5522524
34.71554605,135.5577111
34.7155657,135.5631697
34.71558512,135.5686284
34.71562325,135.5795458
34.71564196,135.5850045
34.71566041,135.5904631
34.71567862,135.5959218
34.71049318,135.4267356
34.71051873,135.4321937
34.71054402,135.4376519
34.71056906,135.44311
34.71059385,135.4485682
34.71061838,135.4540264
34.71064266,135.4594847
34.71066668,135.464943
34.71069045,135.4704013
34.71071401,135.4758596
34.71076045,135.4867762
34.71078332,135.4922345
34.71080597,135.4976928
34.71082842,135.5031512
34.71085064,135.5086095
34.71087259,135.5140679
34.7108943,135.5195263
34.71091568,135.5249848
34.71093675,135.5304432
34.71095759,135.5359016
34.7109782,135.54136
34.71099858,135.5468183
34.71101871,135.5522767
34.71103861,135.557735
34.71105826,135.5631934
34.71107766,135.5686518
34.71109684,135.5741102
34.71111579,135.5795685
34.7111345,135.5850269
34.71115296,135.5904853
34.71117117,135.5959437
34.70595999,135.4213088
34.70598581,135.4267666
34.70601138,135.4322245
34.70603668,135.4376823
34.70606173,135.4431402
34.70608653,135.448598
34.70611107,135.4540559
34.70613536,135.4595139
34.70615938,135.4649719
34.70618316,135.4704299
34.70620671,135.4758879
34.70623004,135.481346
34.70625314,135.486804
34.70627601,135.492262
34.70629866,135.49772
34.70632108,135.5031781
34.70634327,135.5086362
34.7063652,135.5140943
34.70638686,135.5195524
34.70640822,135.5250105
34.70642928,135.5304687
34.70645011,135.5359268
34.70647074,135.5413848
34.70649113,135.5468429
34.70651127,135.5523009
34.70653116,135.557759
34.70655081,135.563217
34.70657022,135.5686751
34.7065894,135.5741332
34.70660834,135.5795913
34.70662705,135.5850493
34.7066455,135.5905074
34.70666371,135.5959655
34.70140016,135.410425
34.70142652,135.4158825
34.70145261,135.4213401
34.70147845,135.4267976
34.70150402,135.4322552
34.70152934,135.4377127
34.7015544,135.4431703
34.70157921,135.4486278
34.70160377,135.4540854
34.70162806,135.4595431
34.70167587,135.4704585
34.70169942,135.4759163
34.70172274,135.481374
34.70174583,135.4868318
34.7017687,135.4922895
34.70179133,135.4977473
34.70181374,135.503205
34.7018359,135.5086628
34.70185781,135.5141206
34.70187945,135.5195785
34.7019008,135.5250363
34.70192184,135.5304942
34.70194267,135.535952
34.7019633,135.5414097
34.70198369,135.5468674
34.70200383,135.5523251
34.70202372,135.5577829
34.70204338,135.5632406
34.70206279,135.5686984
34.70208196,135.5741562
34.7021009,135.579614
34.70211959,135.5850718
34.70213804,135.5905296
34.69689275,135.4104569
34.69691912,135.4159141
34.69694523,135.4213714
34.69697108,135.4268287
34.69699666,135.4322859
34.69702199,135.4377432
34.69704706,135.4432004
34.69707189,135.4486576
34.69709646,135.4541149
34.69712077,135.4595722
34.6971448,135.4650296
34.69716857,135.4704871
34.69719211,135.4759446
34.69721543,135.4814021
34.69723851,135.4868595
34.69726137,135.492317
34.697284,135.4977745
34.69730639,135.5032319
34.69732854,135.5086894
34.69735042,135.514147
34.69737205,135.5196045
34.6973934,135.525062
34.69741445,135.5305195
34.69743528,135.535977
34.69745589,135.5414345
34.69747626,135.5468919
34.6974964,135.5523493
34.69751629,135.5578068
34.69753594,135.5632642
34.69755535,135.5687217
34.69757452,135.5741792
34.69759345,135.5796367
34.69761214,135.5850942
34.69763059,135.5905517
34.69238535,135.4104888
34.69241173,135.4159458
34.69243786,135.4214027
34.71073734,135.4813179
34.71118913,135.601402
34.73320327,135.4647982
34.72859834,135.4429894
34.72892373,135.5194221
34.71984307,135.5030973
34.71502607,135.432163
34.7156043,135.5740871
34.71569658,135.6013805
34.70593392,135.4158509
34.70165209,135.4650008
34.70215625,135.5959873
34.7471563,135.5739254
34.74717525,135.5793863
34.74719394,135.5848471
34.74721237,135.5903079
34.74723057,135.5957686
34.74724854,135.6012294
34.74174715,135.3664548
34.74177536,135.3719151
34.74180337,135.3773754
34.74183115,135.3828357
34.7418587,135.3882959
34.741886,135.3937562
34.74191304,135.3992164
34.74193981,135.4046766
34.74196633,135.4101368
34.7419926,135.4155971
34.74201862,135.4210573
34.74204441,135.4265176
34.74206995,135.431978
34.74209524,135.4374383
34.74212029,135.4428987
34.74214508,135.4483591
34.74216961,135.4538195
34.7421939,135.4592799
34.74221796,135.4647403
34.74224178,135.4702006
34.74226535,135.475661
34.74262972,135.568488
34.74264891,135.5739486
34.74266785,135.5794091
34.74268653,135.5848696
34.74270496,135.5903301
34.74272315,135.5957906
34.74274111,135.601251
34.7372398,135.3664892
34.73726803,135.3719492
34.73729604,135.3774092
34.73732384,135.3828692
34.7373514,135.3883292
34.73737872,135.3937891
34.73740577,135.3992491
34.73743254,135.404709
34.73745907,135.4101689
34.73748533,135.4156289
34.73751136,135.4210889
34.73753713,135.4265489
34.73756266,135.4320089
34.73758794,135.4374689
34.73761297,135.442929
34.73763775,135.448389
34.73766227,135.4538491
34.73768655,135.4593092
34.73771061,135.4647693
34.73773443,135.4702293
34.73812231,135.5685115
34.7381415,135.5739717
34.73816044,135.5794319
34.73817913,135.5848921
34.73819756,135.5903523
34.73821575,135.5958125
34.73823371,135.6012726
34.73273244,135.3665236
34.73276067,135.3719833
34.7327887,135.377443
34.7328165,135.3829027
34.73284408,135.3883624
34.73287142,135.3938221
34.73289848,135.3992818
34.73292526,135.4047414
34.73295179,135.410201
34.73297806,135.4156607
34.73300408,135.4211204
34.73302985,135.4265801
34.73305537,135.4320397
34.73308063,135.4374994
34.73310565,135.4429592
34.73349454,135.5357756
34.7335152,135.5412355
34.73359546,135.563075
34.7336149,135.5685349
34.73363409,135.5739948
34.73365303,135.5794547
34.73367173,135.5849146
34.73369016,135.5903745
34.73370835,135.5958344
34.7337263,135.6012942
34.72822505,135.366558
34.72825328,135.3720174
34.72828132,135.3774768
34.72830914,135.3829363
34.72833674,135.3883957
34.72836412,135.393855
34.7283912,135.3993144
34.72841797,135.4047738
34.72844449,135.4102331
34.72847077,135.4156925
34.72849679,135.4211519
34.72852255,135.4266112
34.72854806,135.4320706
34.72857332,135.43753
34.72906835,135.5576391
34.72908803,135.5630987
34.72910747,135.5685583
34.72912666,135.5740179
34.72914561,135.5794775
34.72916431,135.5849371
34.72918275,135.5903967
34.72920094,135.5958562
34.72921888,135.6013158
34.72371764,135.3665924
34.72374586,135.3720515
34.7237739,135.3775106
34.72380174,135.3829698
34.72382938,135.3884289
34.7238568,135.393888
34.7238839,135.3993471
34.72391066,135.4048061
34.72393718,135.4102652
34.72396344,135.4157242
34.72398946,135.4211833
34.72401523,135.4266424
34.72404074,135.4321014
34.72406601,135.4375605
34.72409102,135.4430196
34.72460003,135.5685817
34.72461922,135.574041
34.72463817,135.5795003
34.72467532,135.5904188
34.72469351,135.5958781
34.72471146,135.6013374
34.71921018,135.3666268
34.7192384,135.3720856
34.71926644,135.3775444
34.7192943,135.3830033
34.71932196,135.3884621
34.71934942,135.3939209
34.71937653,135.3993797
34.7194033,135.4048384
34.71942982,135.4102972
34.71945609,135.4157559
34.71948211,135.4212147
34.71950789,135.4266734
34.71953341,135.4321322
34.71955868,135.437591
34.71982058,135.4976384
34.72011176,135.5740641
34.72016787,135.590441
34.72018607,135.5959
34.72020402,135.6013589
34.71470269,135.3666611
34.7147309,135.3721197
34.71475895,135.3775782
34.71478681,135.3830368
34.71481448,135.3884953
34.71484193,135.3939538
34.71486907,135.3994123
34.71489587,135.4048707
34.71492242,135.4103292
34.71494871,135.4157876
34.71497475,135.4212461
34.71500054,135.4267045
34.71019518,135.3666955
34.71022336,135.3721538
34.71025142,135.377612
34.7102793,135.3830702
34.71030697,135.3885284
34.71033442,135.3939866
34.71036157,135.3994448
34.71038842,135.404903
34.710415,135.4103611
34.71044132,135.4158193
34.71046738,135.4212774
34.70568763,135.3667299
34.7057158,135.3721878
34.70574386,135.3776458
34.70577176,135.3831037
34.70579944,135.3885616
34.70582691,135.3940195
34.70585408,135.3994773
34.70588096,135.4049352
34.70590758,135.410393
34.70668167,135.6014236
34.70118008,135.3667643
34.70120821,135.3722219
34.7012363,135.3776795
34.70126424,135.3831371
34.70129195,135.3885947
34.70131943,135.3940523
34.70134662,135.3995099
34.70137352,135.4049674
34.7021742,135.6014451
34.69667254,135.3667986
34.69670063,135.372256
34.69672875,135.3777133
34.69675675,135.3831706
34.69678449,135.3886278
34.69681197,135.3940851
34.69683918,135.3995424
34.6968661,135.4049996
34.69764879,135.5960092
34.69766673,135.6014667
34.69216517,135.3668329
34.69219326,135.37229
34.69222137,135.377747
34.69224935,135.383204
34.69227709,135.3886609
34.69230456,135.3941179
34.69233177,135.3995749
34.69235869,135.4050318
34.69246371,135.4268597
34.69248931,135.4323166
34.69251464,135.4377736
34.69253972,135.4432305
34.69258912,135.4541444
34.69261344,135.4596014
34.69263748,135.4650586
34.69266125,135.4705158
34.69268479,135.475973
34.6927081,135.4814301
34.69273118,135.4868873
34.69275404,135.4923445
34.69277665,135.4978017
34.69279903,135.5032588
34.69282116,135.508716
34.69284304,135.5141733
34.69286467,135.5196305
34.69288601,135.5250877
34.69290706,135.5305449
34.69292788,135.5360021
34.69294848,135.5414592
34.69296884,135.5469163
34.69298896,135.5523735
34.69300885,135.5578306
34.6930285,135.5632878
34.6930479,135.568745
34.69306707,135.5742022
34.693086,135.5796594
34.68795635,135.4268907
34.68798195,135.4323473
34.68803237,135.4432607
34.68805719,135.4487173
34.68808176,135.454174
34.68810608,135.4596308
34.68813012,135.4650876
34.68815391,135.4705444
34.68817746,135.4760013
34.68820077,135.4814582
34.68822384,135.4869151
34.68824669,135.492372
34.68826929,135.4978288
34.68829166,135.5032857
34.68831379,135.5087426
34.68833566,135.5141995
34.68835729,135.5196565
34.68837863,135.5251134
34.68839967,135.5305702
34.68842048,135.5360271
34.68844107,135.541484
34.68846142,135.5469408
34.68848153,135.5523976
34.68850141,135.5578545
34.68852106,135.5633114
34.68854046,135.5687682
34.68855963,135.5742251
34.68857856,135.5796821
34.68344899,135.4269217
34.6834746,135.4323781
34.68349994,135.4378344
34.68352502,135.4432908
34.68354984,135.4487472
34.6835744,135.4542036
34.68359871,135.4596601
34.68362276,135.4651166
34.68364657,135.4705731
34.68367012,135.4760297
34.68369343,135.4814863
34.6837165,135.4869429
34.68373933,135.4923994
34.68376193,135.497856
34.68378428,135.5033126
34.68380639,135.5087692
34.68382826,135.5142258
34.68384987,135.5196824
34.6838712,135.525139
34.68389225,135.5305956
34.68391306,135.5360521
34.68393364,135.5415087
34.68395398,135.5469652
34.68397409,135.5524218
34.68399397,135.5578783
34.68401361,135.5633349
34.67888965,135.4160405
34.67891578,135.4214966
34.67894164,135.4269527
34.67896725,135.4324088
34.67899259,135.4378649
34.67901766,135.443321
34.67904248,135.4487771
34.67906704,135.4542332
34.67909134,135.4596894
34.6791154,135.4651456
34.67913921,135.4706018
34.67916277,135.4760581
34.67918608,135.4815144
34.67920915,135.4869706
34.67923197,135.4924269
34.67925456,135.4978832
34.6792769,135.5033395
34.67929899,135.5087958
34.67932083,135.5142521
34.67934243,135.5197084
34.67936375,135.5251646
34.67938481,135.5306209
34.67940562,135.5360772
34.6794262,135.5415334
34.67944654,135.5469896
34.67946665,135.5524459
34.67948652,135.5579021
34.67950616,135.5633584
34.67435593,135.4106163
34.67438231,135.4160721
34.67440843,135.4215279
34.6744343,135.4269837
34.6744599,135.4324395
34.67448524,135.4378953
34.67451031,135.4433511
34.67453512,135.4488069
34.67455967,135.4542628
34.67458398,135.4597186
34.67460804,135.4651746
34.67463186,135.4706305
34.67465542,135.4760865
34.67467873,135.4815424
34.67470179,135.4869984
34.6747246,135.4924544
34.67474717,135.4979103
34.6747695,135.5033663
34.67479158,135.5088223
34.6748134,135.5142783
34.67483498,135.5197343
34.67485629,135.5251903
34.67487736,135.5306462
34.67489817,135.5361022
34.67491875,135.5415581
34.67493909,135.5470141
34.6749592,135.55247
34.67497906,135.557926
34.6749987,135.563382
34.6697951,135.3997372
34.66982198,135.4051927
34.6698486,135.4106482
34.6699011,135.4215592
34.66992696,135.4270147
34.66995257,135.4324702
34.6699779,135.4379257
34.67000296,135.4433812
34.67002777,135.4488368
34.67005231,135.4542923
34.67007661,135.4597479
34.67010068,135.4652035
34.6701245,135.4706592
34.67014807,135.4761148
34.67017137,135.4815705
34.67019443,135.4870262
34.67021723,135.4924818
34.67023978,135.4979375
34.67026209,135.5033932
34.67028416,135.5088488
34.67030597,135.5143045
34.67032753,135.5197602
34.67034884,135.5252159
34.6703699,135.5306715
34.67039072,135.5361272
34.67041129,135.5415828
34.67043163,135.5470385
34.67045174,135.5524941
34.6704716,135.5579498
34.67049124,135.5634055
34.66523339,135.3888593
34.66526072,135.3943145
34.66528781,135.3997697
34.66531467,135.4052249
34.66534128,135.4106801
34.66536765,135.4161353
34.66539376,135.4215905
34.66541962,135.4270457
34.66544523,135.4325009
34.66547056,135.4379562
34.66549562,135.4434114
34.66552042,135.4488666
34.66554497,135.4543219
34.66556927,135.4597772
34.66559334,135.4652325
34.66561716,135.4706879
34.66564072,135.4761432
34.66566401,135.4815986
34.66568706,135.4870539
34.66570985,135.4925093
34.66573239,135.4979646
34.66575468,135.50342
34.66577673,135.5088754
34.66579853,135.5143308
34.66582008,135.5197861
34.66584138,135.5252415
34.66586243,135.5306969
34.66588325,135.5361522
34.66590383,135.5416076
34.66592417,135.5470629
34.66594428,135.5525183
34.66596415,135.5579736
34.66598379,135.5634291
34.66078052,135.3998021
34.66080736,135.405257
34.66083396,135.4107119
34.66086031,135.4161668
34.66088642,135.4216218
34.66091228,135.4270767
34.66093789,135.4325316
34.66096321,135.4379866
34.66098826,135.4434415
34.66101307,135.4488965
34.66103762,135.4543515
34.66106193,135.4598065
34.661086,135.4652615
34.66110982,135.4707165
34.66113337,135.4761716
34.66115665,135.4816266
34.66117968,135.4870817
34.66120246,135.4925367
34.66122499,135.4979918
34.66124727,135.5034468
34.6612693,135.5089019
34.66129109,135.514357
34.66131262,135.519812
34.66133392,135.5252671
34.66135496,135.5307222
34.66137578,135.5361772
34.66139636,135.5416323
34.66141671,135.5470874
34.66143682,135.5525424
34.6614567,135.5579975
34.66147633,135.5634527
34.65635298,135.4161984
34.65637908,135.421653
34.65640492,135.4271077
34.65643052,135.4325623
34.65645585,135.438017
34.6564809,135.4434717
34.65650571,135.4489263
34.65653027,135.454381
34.65655458,135.4598357
34.65657865,135.4652905
34.65660247,135.4707452
34.65662602,135.4761999
34.65664929,135.4816547
34.6566723,135.4871094
34.65669507,135.4925642
34.65671759,135.4980189
34.65673985,135.5034737
34.65676187,135.5089284
34.65678365,135.5143832
34.65680517,135.519838
34.65682645,135.5252927
34.65684749,135.5307475
34.6568683,135.5362023
34.65688889,135.541657
34.65690925,135.5471118
34.65692936,135.5525666
34.65694924,135.5580214
34.65696887,135.5634763
34.65189756,135.4271386
34.65192315,135.432593
34.65194847,135.4380474
34.65197353,135.4435018
34.65199834,135.4489562
34.6520229,135.4544106
34.65204722,135.459865
34.65207129,135.4653194
34.65209511,135.4707739
34.65211864,135.4762283
34.6521419,135.4816827
34.65216491,135.4871372
34.65218767,135.4925916
34.65221018,135.498046
34.65223244,135.5035005
34.65225445,135.508955
34.65227621,135.5144094
34.65229773,135.5198639
34.652319,135.5253183
34.65234003,135.5307728
34.65236084,135.5362273
34.65238143,135.5416818
34.65240179,135.5471363
34.6524219,135.5525908
34.65244178,135.5580453
34.65246141,135.5634998
34.64744109,135.4380778
34.64746616,135.4435319
34.64749097,135.448986
34.64751552,135.4544401
34.64753984,135.4598942
34.6475639,135.4653484
34.64758771,135.4708025
34.64761124,135.4762566
34.64763451,135.4817107
34.64765752,135.4871649
34.64768027,135.492619
34.64770277,135.4980732
34.64772501,135.5035273
34.64774701,135.5089815
34.64776877,135.5144356
34.64779028,135.5198898
34.64781155,135.525344
34.64783258,135.5307981
34.64785339,135.5362523
34.64787398,135.5417065
34.64789433,135.5471607
34.64791444,135.552615
34.64793432,135.5580692
34.64795394,135.5635234
34.64280465,135.4108393
34.64283096,135.416293
34.64285702,135.4217468
34.64288284,135.4272006
34.6429084,135.4326544
34.64295878,135.443562
34.64298358,135.4490158
34.64300814,135.4544696
34.64303245,135.4599235
34.6430565,135.4653773
34.64308031,135.4708311
34.64310384,135.4762849
34.6431271,135.4817388
34.64315011,135.4871926
34.64317286,135.4926464
34.64319535,135.4981003
34.64321759,135.5035541
34.64323958,135.509008
34.64326132,135.5144618
34.69256455,135.4486875
34.68790436,135.4159774
34.68405218,135.5742481
34.67886326,135.4105845
34.65621886,135.3889253
34.65624616,135.3943799
34.65627322,135.3998345
34.65171159,135.3889583
34.65173887,135.3944126
34.65176592,135.3998669
34.64720431,135.3889913
34.64723158,135.3944453
34.6427781,135.4053855
34.64293372,135.4381082
34.6743024,135.3997048
34.67432929,135.4051606
34.66971308,135.3833707
34.66987498,135.4161037
34.66517808,135.3779488
34.66520584,135.383404
34.66075344,135.3943472
34.65184564,135.4162299
34.65187173,135.4216843
34.64741578,135.4326237
34.69310469,135.5851166
34.69312313,135.5905738
34.69314133,135.596031
34.69315927,135.6014882
34.68765796,135.3668672
34.68768608,135.3723239
34.68771414,135.3777806
34.68774205,135.3832373
34.68776974,135.388694
34.6877972,135.3941507
34.68782439,135.3996074
34.68785131,135.405064
34.68787797,135.4105207
34.68793049,135.421434
34.68800729,135.437804
34.68859724,135.585139
34.68861568,135.5905959
34.68863387,135.5960528
34.68865181,135.6015098
34.68315075,135.3669014
34.68317889,135.3723579
34.68320692,135.3778143
34.68323478,135.3832707
34.68326243,135.3887271
34.68328986,135.3941835
34.68331704,135.3996398
34.68334395,135.4050962
34.68337061,135.4105526
34.683397,135.4160089
34.68342313,135.4214653
34.68403302,135.5687915
34.6840711,135.5797047
34.68408979,135.5851614
34.68410822,135.590618
34.68412641,135.5960746
34.68414435,135.6015313
34.67864355,135.3669357
34.67867171,135.3723918
34.67869971,135.3778479
34.67872754,135.383304
34.67875515,135.3887601
34.67878255,135.3942162
34.67880971,135.3996723
34.67883661,135.4051284
34.67952556,135.5688147
34.67954472,135.5742711
34.67956365,135.5797274
34.67958233,135.5851838
34.67960076,135.5906401
34.67961894,135.5960965
34.67963688,135.6015528
34.67413636,135.3669699
34.67416452,135.3724257
34.67419251,135.3778816
34.6742203,135.3833374
34.67424789,135.3887932
34.67427527,135.394249
34.6750181,135.568838
34.67503727,135.574294
34.67505619,135.5797501
34.67507486,135.5852061
34.6750933,135.5906622
34.67511148,135.5961183
34.67512941,135.6015743
34.66962916,135.3670039
34.66965732,135.3724596
34.6696853,135.3779152
34.66974064,135.3888262
34.66976799,135.3942817
34.67051065,135.5688612
34.67052981,135.574317
34.67054873,135.5797728
34.6705674,135.5852285
34.67058583,135.5906843
34.67060401,135.5961401
34.67062195,135.6015958
34.665122,135.3670379
34.66515012,135.3724935
34.66600319,135.5688845
34.66602235,135.57434
34.66604126,135.5797954
34.66605993,135.5852509
34.66607836,135.5907064
34.66609654,135.5961619
34.66611448,135.6016173
34.66061479,135.3670721
34.6606429,135.3725274
34.66067085,135.3779824
34.6606986,135.3834373
34.66072613,135.3888923
34.66149573,135.5689078
34.66151488,135.574363
34.66153379,135.5798181
34.66155246,135.5852733
34.66157089,135.5907285
34.66158907,135.5961837
34.661607,135.6016388
34.65610755,135.3671063
34.65613566,135.3725613
34.6561636,135.378016
34.65619134,135.3834706
34.65630005,135.4052891
34.65632664,135.4107438
34.65698826,135.5689311
34.65700741,135.5743859
34.65702632,135.5798408
34.65704499,135.5852957
34.65706341,135.5907506
34.65708159,135.5962055
34.65709952,135.6016603
34.65160031,135.3671405
34.65162841,135.3725951
34.65165635,135.3780496
34.65168408,135.3835039
34.65179273,135.4053213
34.65181931,135.4107756
34.65248079,135.5689544
34.65249994,135.5744089
34.65251885,135.5798635
34.65253751,135.5853181
34.65255593,135.5907727
34.6525741,135.5962272
34.65259204,135.6016818
34.64709306,135.3671747
34.64712116,135.372629
34.64714909,135.3780832
34.64717681,135.3835372
34.64725861,135.3998993
34.64728542,135.4053534
34.64731198,135.4108074
34.6473383,135.4162615
34.64736438,135.4217156
34.6473902,135.4271696
34.64797332,135.5689777
34.64799246,135.5744319
34.64801136,135.5798862
34.64803002,135.5853405
34.64804844,135.5907947
34.64806662,135.596249
34.64808455,135.6017033
34.6425858,135.3672088
34.6426139,135.3726629
34.64264182,135.3781167
34.64266953,135.3835705
34.64269703,135.3890242
34.64272429,135.394478
34.64275131,135.3999317
34.64328283,135.5199157
34.6433041,135.5253696
34.64332514,135.5308235
34.64334594,135.5362774
34.64336652,135.5417313
34.64338687,135.5471852
34.64340697,135.5526391
34.64342684,135.5580931
34.64344646,135.563547
34.63827078,135.4054176
34.63829732,135.4108711
34.63832362,135.4163245
34.63834967,135.421778
34.63837547,135.4272315
34.63840103,135.432685
34.63842634,135.4381385
34.63850075,135.4544991
34.63852505,135.4599527
34.6385491,135.4654062
34.6385729,135.4708597
34.63859643,135.4763132
34.6386197,135.4817668
34.6386427,135.4872203
34.63866544,135.4926739
34.63868793,135.4981274
34.63871015,135.5035809
34.63873213,135.5090345
34.63875387,135.5144881
34.63877537,135.5199416
34.63879664,135.5253952
34.63881768,135.5308488
34.63883848,135.5363024
34.63885906,135.541756
34.6388794,135.5472096
34.6388995,135.5526633
34.63891936,135.5581169
34.63893898,135.5635706
34.63895835,135.5690242
34.63373669,135.3999965
34.63376346,135.4054497
34.63378998,135.4109029
34.63381627,135.416356
34.63384231,135.4218092
34.63386811,135.4272624
34.63389366,135.4327156
34.63391896,135.4381689
34.63396881,135.4490753
34.63399336,135.4545286
34.63401765,135.4599819
34.6340417,135.4654351
34.6340655,135.4708883
34.63408902,135.4763415
34.63411229,135.4817948
34.63413529,135.487248
34.63415802,135.4927013
34.6341805,135.4981545
34.63420272,135.5036078
34.63422469,135.509061
34.63424642,135.5145143
34.63426791,135.5199675
34.63428917,135.5254208
34.63431021,135.5308741
34.63433102,135.5363274
34.63435159,135.5417807
34.63437192,135.5472341
34.63439201,135.5526874
34.63441187,135.5581408
34.63443148,135.5635941
34.63445085,135.5690475
34.63446999,135.5745008
34.62928264,135.4109347
34.62930892,135.4163876
34.62933495,135.4218405
34.62936074,135.4272934
34.62938628,135.4327463
34.62941157,135.4381992
34.62951026,135.460011
34.62953431,135.4654639
34.6295581,135.4709169
34.62958162,135.4763698
34.62960488,135.4818228
34.62962787,135.4872757
34.6296506,135.4927287
34.62967307,135.4981816
34.62969527,135.5036346
34.62971723,135.5090875
34.62973895,135.5145405
34.62976043,135.5199934
34.6297817,135.5254464
34.62980274,135.5308994
34.62982354,135.5363524
34.62984411,135.5418055
34.62986443,135.5472585
34.62988452,135.5527116
34.62990438,135.5581646
34.62992399,135.5636177
34.62994335,135.5690707
34.62996248,135.5745238
34.6247753,135.4109665
34.62482759,135.4218717
34.62485336,135.4273243
34.6248789,135.4327769
34.62490419,135.4382295
34.62492923,135.4436822
34.62495403,135.4491348
34.62500287,135.4600401
34.62502691,135.4654928
34.62505069,135.4709454
34.62507421,135.4763981
34.62509746,135.4818507
34.62512045,135.4873034
34.62514318,135.492756
34.62516564,135.4982087
34.62518782,135.5036613
34.62520976,135.509114
34.62523146,135.5145667
34.62525294,135.5200193
34.6252742,135.525472
34.62529524,135.5309247
34.62531605,135.5363774
34.62533662,135.5418302
34.62535694,135.547283
34.62537703,135.5527357
34.62539688,135.5581885
34.62541648,135.5636412
34.62543585,135.569094
34.62545497,135.5745467
34.62024147,135.405546
34.62026796,135.4109982
34.62029421,135.4164506
34.62034599,135.4273552
34.62037151,135.4328075
34.6203968,135.4382598
34.62042184,135.4437122
34.62044663,135.4491645
34.62047117,135.4546169
34.62049547,135.4600693
34.62051951,135.4655216
34.62054329,135.470974
34.6205668,135.4764264
34.62059004,135.4818787
34.62061302,135.4873311
34.62063574,135.4927834
34.62065819,135.4982358
34.62068036,135.5036881
34.62070228,135.5091405
34.62072397,135.5145928
34.62074543,135.5200452
34.62076668,135.5254976
34.62078773,135.53095
34.62080854,135.5364025
34.62082911,135.5418549
34.62084944,135.5473074
34.62086953,135.5527599
34.62088937,135.5582123
34.62090898,135.5636648
34.62092834,135.5691172
34.62094746,135.5745697
34.61573412,135.405578
34.6157606,135.41103
34.61578684,135.416482
34.61581284,135.421934
34.6158386,135.4273861
34.61586412,135.4328381
34.6158894,135.4382901
34.61591443,135.4437422
34.61593922,135.4491942
34.61596377,135.4546463
34.61598806,135.4600984
34.6160121,135.4655505
34.61603588,135.4710025
34.61605938,135.4764546
34.61608261,135.4819067
34.61610558,135.4873587
34.61612828,135.4928108
34.61615072,135.4982628
34.61617288,135.5037149
34.61619479,135.509167
34.61621646,135.514619
34.6162379,135.5200711
34.61625915,135.5255232
34.61628021,135.5309754
34.61630103,135.5364275
34.6163216,135.5418797
34.61634194,135.5473318
34.61636202,135.552784
34.61638187,135.5582362
34.61640147,135.5636883
34.61642082,135.5691405
34.61643994,135.5745927
34.61122677,135.4056101
34.61125324,135.4110618
34.61127947,135.4165135
34.61130546,135.4219652
34.61133121,135.4274169
34.61135672,135.4328687
34.61138199,135.4383204
34.61140702,135.4437722
34.61143181,135.4492239
34.61145635,135.4546757
34.61148065,135.4601275
34.61150469,135.4655793
34.61152847,135.4710311
34.61155196,135.4764828
34.61157517,135.4819346
34.61159812,135.4873864
34.6116208,135.4928381
34.61164322,135.4982899
34.61166538,135.5037417
34.61168729,135.5091934
34.61170896,135.5146452
34.61175164,135.5255488
34.6117727,135.5310007
34.61179352,135.5364525
34.6118141,135.5419044
34.61183443,135.5473563
34.61185452,135.5528082
34.61187436,135.55826
34.61189395,135.5637119
34.61191331,135.5691638
34.61193242,135.5746156
34.61195129,135.5800675
34.61196993,135.5855194
34.60694892,135.4547051
34.60697322,135.4601566
34.60699727,135.4656081
34.60702106,135.4710596
34.60704453,135.4765111
34.60706772,135.4819625
34.60709064,135.487414
34.60711331,135.4928655
34.60713573,135.4983169
34.60715789,135.5037684
34.6071798,135.5092199
34.60720147,135.5146714
34.60722291,135.5201229
34.60724416,135.5255744
34.60726522,135.531026
34.60728603,135.5364776
34.6073066,135.5419292
34.60732693,135.5473807
34.60734701,135.5528323
34.60736684,135.5582839
34.60738644,135.5637355
34.60740579,135.569187
34.6074249,135.5746386
34.60744377,135.5800902
34.6074624,135.5855418
34.60248981,135.4656369
34.6025136,135.4710881
34.60253707,135.4765393
34.60256024,135.4819905
34.60258315,135.4874416
34.60260582,135.4928928
34.60262823,135.498344
34.60265039,135.5037952
34.60267231,135.5092464
34.60269399,135.5146976
34.60271545,135.5201488
34.6027367,135.5256
34.60275774,135.5310513
34.60277854,135.5365026
34.60279911,135.5419539
34.60281943,135.5474052
34.6028395,135.5528565
34.60285933,135.5583077
34.60287891,135.563759
34.60289826,135.5692103
34.60291737,135.5746616
34.60293624,135.5801129
34.60295487,135.5855642
34.59802955,135.4765675
34.59805273,135.4820184
34.59807565,135.4874692
34.59809831,135.4929201
34.59812073,135.498371
34.59814289,135.5038219
34.59816481,135.5092728
34.59818651,135.5147238
34.59820798,135.5201747
34.59822923,135.5256257
34.59825026,135.5310766
34.59827105,135.5365276
34.59829161,135.5419786
34.59831193,135.5474296
34.59833199,135.5528806
34.59835181,135.5583316
34.59837139,135.5637826
34.59839073,135.5692335
34.59840983,135.5746845
34.5984287,135.5801355
34.5935908,135.4929475
34.59361322,135.4983981
34.59363539,135.5038487
34.59365732,135.5092993
34.59367902,135.5147499
34.5937005,135.5202006
34.59372176,135.5256512
34.59374278,135.5311019
34.59378412,135.5420034
34.59380442,135.5474541
34.59382448,135.5529047
34.59384429,135.5583554
34.59388319,135.5692568
34.59390229,135.5747075
34.59392116,135.5801582
34.6384762,135.4490456
34.6335618,135.3672579
34.63359465,135.3727209
34.63362726,135.3781839
34.63365496,135.3836371
34.62905447,135.3672921
34.62908634,135.3727508
34.62925613,135.4054818
34.62943662,135.4436521
34.62946142,135.4491051
34.62948597,135.454558
34.62497857,135.4545875
34.62021473,135.4000937
34.62032022,135.4219029
34.6157074,135.400126
34.61645881,135.5800448
34.61120006,135.4001584
34.61173039,135.520097
34.60663879,135.3892872
34.60666583,135.3947391
34.6066927,135.4001907
34.60671941,135.4056421
34.60682382,135.4274478
34.60684932,135.4328993
34.60687458,135.4383507
34.6068996,135.4438022
34.60692438,135.4492536
34.60246576,135.4601857
34.59356814,135.4874969
34.59386386,135.5638061
34.64346584,135.5690009
34.64348498,135.5744549
34.64350388,135.5799089
34.64352253,135.5853628
34.64354095,135.5908168
34.64355912,135.5962708
34.64357705,135.6017248
34.63807385,135.3672334
34.63810293,135.372691
34.63813454,135.3781503
34.63816225,135.3836038
34.63818974,135.3890572
34.63821699,135.3945107
34.63824401,135.3999641
34.63845139,135.443592
34.63897748,135.5744779
34.63899638,135.5799315
34.63901503,135.5853852
34.63903345,135.5908389
34.63905162,135.5962926
34.63906955,135.6017463
34.63368244,135.3890902
34.63370969,135.3945434
34.63394401,135.4436221
34.63448888,135.5799542
34.63450753,135.5854076
34.63452594,135.590861
34.63454411,135.5963144
34.63456204,135.6017678
34.62911524,135.3782077
34.62914394,135.3836645
34.62917514,135.3891232
34.62920238,135.394576
34.62922937,135.4000289
34.62998137,135.5799769
34.63000002,135.5854299
34.63001843,135.590883
34.6300366,135.5963361
34.63005453,135.6017893
34.62454713,135.3673264
34.62457529,135.3727789
34.6246032,135.3782315
34.62463563,135.3836938
34.62466783,135.3891562
34.62469507,135.3946087
34.62472206,135.4000613
34.6247488,135.4055139
34.62480157,135.4164191
34.62547385,135.5799995
34.6254925,135.5854523
34.62551091,135.5909051
34.62552908,135.5963579
34.625547,135.6018107
34.62003979,135.3673606
34.62006794,135.3728128
34.62009585,135.3782651
34.62012845,135.3837268
34.62016062,135.3891888
34.62018776,135.3946413
34.62096633,135.5800222
34.62098497,135.5854746
34.62100338,135.5909272
34.62102155,135.5963797
34.62103947,135.6018322
34.61553244,135.3673948
34.61556059,135.3728467
34.6155885,135.3782987
34.61562114,135.3837599
34.61565346,135.3892213
34.61568051,135.3946738
34.61647745,135.585497
34.61649586,135.5909492
34.61651402,135.5964015
34.61653194,135.6018537
34.6110251,135.367429
34.61105324,135.3728806
34.61108114,135.3783323
34.61111379,135.3837932
34.61114613,135.3892543
34.61117317,135.3947065
34.61198833,135.5909713
34.61200649,135.5964233
34.6120244,135.6018752
34.60651775,135.3674631
34.60654588,135.3729145
34.60657378,135.3783659
34.60660644,135.3838264
34.60674587,135.4110936
34.60677209,135.416545
34.60679808,135.4219964
34.6074808,135.5909934
34.60749895,135.596445
34.60751686,135.6018967
34.60201039,135.3674973
34.60203852,135.3729484
34.60206641,135.3783995
34.60209908,135.3838597
34.60213144,135.3893202
34.60215848,135.3947718
34.60218535,135.4002231
34.60221204,135.4056742
34.6022385,135.4111253
34.60226471,135.4165764
34.60229068,135.4220275
34.60231642,135.4274787
34.60234191,135.4329298
34.60236716,135.438381
34.60239216,135.4438321
34.60241693,135.4492833
34.60244147,135.4547345
34.60297326,135.5910155
34.6029914,135.5964668
34.60300931,135.6019181
34.59750303,135.3675315
34.59753116,135.3729823
34.59755905,135.378433
34.59759173,135.383893
34.59762409,135.3893531
34.59765112,135.3948044
34.59767799,135.4002554
34.59770467,135.4057062
34.59773112,135.4111571
34.59775732,135.4166079
34.59778328,135.4220587
34.59780901,135.4275095
34.59783448,135.4329604
34.59785972,135.4384112
34.59788472,135.4438621
34.59790948,135.449313
34.597934,135.4547638
34.59795827,135.4602147
34.59798231,135.4656656
34.59800608,135.4711166
34.59844732,135.5855865
34.59846571,135.5910376
34.59848385,135.5964886
34.59850175,135.6019396
34.59299567,135.3675656
34.5930238,135.3730161
34.59305168,135.3784666
34.59308437,135.3839262
34.59311675,135.389386
34.59314377,135.394837
34.59317063,135.4002878
34.59319731,135.4057383
34.59322374,135.4111888
34.59324993,135.4166393
34.59327588,135.4220899
34.59330159,135.4275404
34.59332706,135.4329909
34.59335228,135.4384415
34.59337726,135.443892
34.59340201,135.4493426
34.59342651,135.4547932
34.59345077,135.4602438
34.59347478,135.4656944
34.59349854,135.471145
34.59352201,135.4765956
34.59354521,135.4820462
34.59376357,135.5365526
34.59393978,135.5856089
34.59395816,135.5910596
34.5939763,135.5965104
34.59399419,135.6019611
34.58848831,135.3675998
34.58910571,135.4984251
34.58912788,135.5038754
34.58914982,135.5093257
34.58917153,135.5147761
34.5892353,135.5311272
34.58937565,135.56928
34.58459821,135.4984521
34.58462039,135.5039022
34.5848681,135.5693033
34.58851643,135.37305
34.5885443,135.3785002
34.58857701,135.3839594
34.5886094,135.389419
34.58863643,135.3948697
34.58866328,135.4003201
34.58868994,135.4057703
34.58871636,135.4112205
34.58874253,135.4166708
34.58876846,135.422121
34.58879416,135.4275712
34.58881962,135.4330215
34.58884483,135.4384717
34.5888698,135.443922
34.58889453,135.4493722
34.58891901,135.4548225
34.58894325,135.4602728
34.58896725,135.4657231
34.588991,135.4711735
34.58901447,135.4766238
34.58903768,135.4820741
34.58906062,135.4875245
34.58908329,135.4929748
34.58919302,135.5202265
34.58921428,135.5256768
34.58925608,135.5365776
34.58927662,135.542028
34.58929691,135.5474785
34.58931696,135.5529289
34.58933676,135.5583792
34.58935633,135.5638296
34.58939475,135.5747304
34.58941361,135.5801808
34.58943223,135.5856313
34.58945061,135.5910817
34.58946874,135.5965321
34.58948663,135.6019826
34.58398094,135.3676339
34.58400905,135.3730838
34.58403693,135.3785337
34.58406964,135.3839927
34.58410205,135.3894519
34.58412907,135.3949023
34.58415591,135.4003524
34.58418257,135.4058023
34.58420897,135.4112523
34.58423513,135.4167022
34.58426104,135.4221521
34.58428673,135.4276021
34.58431218,135.433052
34.58433738,135.438502
34.58436234,135.4439519
34.58438705,135.4494019
34.58441151,135.4548518
34.58443573,135.4603018
34.58445972,135.4657519
34.58448347,135.4712019
34.58450694,135.476652
34.58453016,135.482102
34.58455311,135.4875521
34.58457578,135.4930021
34.58464233,135.5093522
34.58466406,135.5148023
34.58468555,135.5202523
34.5847068,135.5257024
34.58472782,135.5311525
34.58474859,135.5366026
34.58476911,135.5420527
34.5847894,135.5475028
34.58480943,135.5529529
34.58482923,135.558403
34.58484879,135.5638531
34.58488719,135.5747534
34.58490605,135.5802035
34.58492467,135.5856536
34.58494305,135.5911037
34.58496118,135.5965539
34.58497907,135.602004
34.57947357,135.3676681
34.57950168,135.3731177
34.57952954,135.3785673
34.57956227,135.3840259
34.57959467,135.3894848
34.57962169,135.3949349
34.57964853,135.4003847
34.57967517,135.4058344
34.57970157,135.411284
34.57972772,135.4167336
34.57975363,135.4221833
34.57977931,135.4276329
34.57980474,135.4330826
34.57982993,135.4385322
34.57985488,135.4439819
34.57987957,135.4494315
34.579904,135.4548812
34.57992821,135.4603309
34.57995219,135.4657806
34.57997594,135.4712304
34.57999942,135.4766802
34.58002264,135.4821299
34.5800456,135.4875797
34.58006828,135.4930294
34.58009072,135.4984792
34.58011292,135.5039289
34.58013487,135.5093786
34.58015659,135.5148284
34.58017808,135.5202782
34.58019933,135.525728
34.58022033,135.5311778
34.58024109,135.5366276
34.58026161,135.5420774
34.58028188,135.5475272
34.58030191,135.552977
34.5803217,135.5584268
34.58034124,135.5638767
34.58036055,135.5693265
34.58037963,135.5747763
34.58039849,135.5802261
34.5804171,135.585676
34.58043548,135.5911258
34.58045361,135.5965756
34.58047149,135.6020255